,LVS,THA
LVS,1.0,-0.019837794378283452
THA,-0.019837794378283452,1.0
