,LVS,THA,OOS,PLF,CIS,KLG,SYO,JHU
LVS,1.0,0.09092625227674718,0.1712837942295762,-0.631400650809646,0.7794083029918286,-0.7405658921909782,-0.8448430488285239,0.8132342009539131
THA,0.09092625227674718,1.0,-0.3637182337575348,0.2944459177762606,0.11751194445749329,0.18775340020596593,-0.08754823892534523,0.06348185005310554
OOS,0.1712837942295762,-0.3637182337575348,1.0,-0.17302735823376694,-0.12278231421789496,-0.05036804916052621,0.042790982419374034,-0.05538634846352348
PLF,-0.631400650809646,0.2944459177762606,-0.17302735823376694,1.0,-0.4791109045573615,0.4909866461929134,0.34234107040796397,-0.5903091320199373
CIS,0.7794083029918286,0.11751194445749329,-0.12278231421789496,-0.4791109045573615,1.0,-0.7420914015287886,-0.7712635281864606,0.9212775492507301
KLG,-0.7405658921909782,0.18775340020596593,-0.05036804916052621,0.4909866461929134,-0.7420914015287886,1.0,0.7661079237077996,-0.6905708677364157
SYO,-0.8448430488285239,-0.08754823892534523,0.042790982419374034,0.34234107040796397,-0.7712635281864606,0.7661079237077996,1.0,-0.7941644661540268
JHU,0.8132342009539131,0.06348185005310554,-0.05538634846352348,-0.5903091320199373,0.9212775492507301,-0.6905708677364157,-0.7941644661540268,1.0
